package,version,license,repository,publisher,url
@acemir/cssom,0.9.31,MIT,https://github.com/acemir/CSSOM,Nikita Vasilyev,
@adobe/css-tools,4.4.4,MIT,https://github.com/adobe/css-tools,TJ Holowaychuk,
@asamuzakjp/css-color,5.0.1,MIT,https://github.com/asamuzaK/cssColor,asamuzaK,
@asamuzakjp/dom-selector,6.8.1,MIT,https://github.com/asamuzaK/domSelector,asamuzaK,
@asamuzakjp/nwsapi,2.3.9,MIT,https://github.com/dperini/nwsapi,Diego Perini,
@babel/code-frame,7.29.7,MIT,https://github.com/babel/babel,The Babel Team,
@babel/compat-data,7.29.7,MIT,https://github.com/babel/babel,The Babel Team,
@babel/core,7.29.7,MIT,https://github.com/babel/babel,The Babel Team,
@babel/generator,7.29.8,MIT,https://github.com/babel/babel,The Babel Team,
@babel/helper-compilation-targets,7.29.7,MIT,https://github.com/babel/babel,The Babel Team,
@babel/helper-globals,7.29.7,MIT,https://github.com/babel/babel,The Babel Team,
@babel/helper-module-imports,7.29.7,MIT,https://github.com/babel/babel,The Babel Team,
@babel/helper-module-transforms,7.29.7,MIT,https://github.com/babel/babel,The Babel Team,
@babel/helper-plugin-utils,7.28.6,MIT,https://github.com/babel/babel,The Babel Team,
@babel/helper-string-parser,7.29.7,MIT,https://github.com/babel/babel,The Babel Team,
@babel/helper-validator-identifier,7.29.7,MIT,https://github.com/babel/babel,The Babel Team,
@babel/helper-validator-option,7.29.7,MIT,https://github.com/babel/babel,The Babel Team,
@babel/helpers,7.29.7,MIT,https://github.com/babel/babel,The Babel Team,
@babel/parser,7.29.9,MIT,https://github.com/babel/babel,The Babel Team,
@babel/plugin-transform-arrow-functions,7.27.1,MIT,https://github.com/babel/babel,The Babel Team,
@babel/plugin-transform-react-jsx-self,7.27.1,MIT,https://github.com/babel/babel,The Babel Team,
@babel/plugin-transform-react-jsx-source,7.27.1,MIT,https://github.com/babel/babel,The Babel Team,
@babel/runtime,7.28.6,MIT,https://github.com/babel/babel,The Babel Team,
@babel/template,7.29.7,MIT,https://github.com/babel/babel,The Babel Team,
@babel/traverse,7.29.8,MIT,https://github.com/babel/babel,The Babel Team,
@babel/types,7.29.8,MIT,https://github.com/babel/babel,The Babel Team,
@bramus/specificity,2.4.2,MIT,https://github.com/bramus/specificity,Bramus Van Damme,
@csstools/color-helpers,6.0.2,MIT-0,https://github.com/csstools/postcss-plugins,,
@csstools/css-calc,3.1.1,MIT,https://github.com/csstools/postcss-plugins,,
@csstools/css-color-parser,4.0.2,MIT,https://github.com/csstools/postcss-plugins,,
@csstools/css-parser-algorithms,4.0.0,MIT,https://github.com/csstools/postcss-plugins,,
@csstools/css-syntax-patches-for-csstree,1.1.0,MIT-0,https://github.com/csstools/postcss-plugins,,
@csstools/css-tokenizer,4.0.0,MIT,https://github.com/csstools/postcss-plugins,,
@electron/asar,3.4.1,MIT,https://github.com/electron/asar,,
@electron/fuses,1.8.0,MIT,https://github.com/electron/fuses,Electron Community,
@electron/get,2.0.3,MIT,https://github.com/electron/get,Samuel Attard,
@electron/get,3.1.0,MIT,https://github.com/electron/get,Samuel Attard,
@electron/node-gyp,10.2.0-electron.1,MIT,https://github.com/nodejs/node-gyp,Nathan Rajlich,
@electron/notarize,2.5.0,MIT,https://github.com/electron/notarize,Samuel Attard,
@electron/osx-sign,1.3.3,BSD-2-Clause,https://github.com/electron/osx-sign,electron,
@electron/rebuild,3.7.2,MIT,https://github.com/electron/rebuild,,
@electron/rebuild,4.2.0,MIT,https://github.com/electron/rebuild,,
@electron/universal,2.0.3,MIT,https://github.com/electron/universal,Samuel Attard,
@electron/windows-sign,1.2.2,BSD-2-Clause,https://github.com/electron/windows-sign,Felix Rieseberg,
@esbuild/darwin-arm64,0.21.5,MIT,https://github.com/evanw/esbuild,,
@esbuild/darwin-arm64,0.28.2,MIT,https://github.com/evanw/esbuild,,
@exodus/bytes,1.15.0,MIT,https://github.com/ExodusOSS/bytes,"Exodus Movement, Inc.",
@gar/promisify,1.1.3,MIT,https://github.com/wraithgar/gar-promisify,Gar,
@isaacs/fs-minipass,4.0.1,ISC,https://github.com/npm/fs-minipass,Isaac Z. Schlueter,
@jridgewell/gen-mapping,0.3.13,MIT,https://github.com/jridgewell/sourcemaps,Justin Ridgewell,
@jridgewell/remapping,2.3.5,MIT,https://github.com/jridgewell/sourcemaps,Justin Ridgewell,
@jridgewell/resolve-uri,3.1.2,MIT,https://github.com/jridgewell/resolve-uri,Justin Ridgewell,
@jridgewell/sourcemap-codec,1.5.5,MIT,https://github.com/jridgewell/sourcemaps,Justin Ridgewell,
@jridgewell/trace-mapping,0.3.31,MIT,https://github.com/jridgewell/sourcemaps,Justin Ridgewell,
@leichtgewicht/ip-codec,2.0.5,MIT,https://github.com/martinheidegger/ip-codec,Martin Heidegger,
@malept/cross-spawn-promise,2.0.0,Apache-2.0,https://github.com/malept/cross-spawn-promise,Mark Lee,
@malept/flatpak-bundler,0.4.0,MIT,https://github.com/malept/flatpak-bundler,Matt Watson,
@napi-rs/canvas-darwin-arm64,1.0.9,MIT,https://github.com/Brooooooklyn/canvas,,
@napi-rs/canvas,1.0.9,MIT,https://github.com/Brooooooklyn/canvas,,
@noble/hashes,1.8.0,MIT,https://github.com/paulmillr/noble-hashes,Paul Miller,
@noble/hashes,2.4.0,MIT,https://github.com/paulmillr/noble-hashes,Paul Miller,
@nodable/entities,3.0.0,MIT,https://github.com/nodable/val-parsers,Amit Gupta,
@npmcli/fs,2.1.2,ISC,https://github.com/npm/fs,GitHub Inc.,
@npmcli/move-file,2.0.1,MIT,https://github.com/npm/move-file,GitHub Inc.,
@peculiar/asn1-schema,2.9.5,MIT,https://github.com/PeculiarVentures/asn1-schema,"PeculiarVentures, LLC",
@peculiar/json-schema,1.1.12,MIT,https://github.com/PeculiarVentures/json-schema,"PeculiarVentures, Inc",
@peculiar/utils,2.0.3,MIT,https://github.com/PeculiarVentures/pvtsutils,PeculiarVentures,
@peculiar/webcrypto,1.7.1,MIT,https://github.com/PeculiarVentures/webcrypto,PeculiarVentures,
@polka/url,1.0.0-next.29,MIT,https://github.com/lukeed/polka,Luke Edwards,
@rolldown/pluginutils,1.0.0-beta.27,MIT,https://github.com/rolldown/rolldown,,
@rollup/rollup-darwin-arm64,4.59.0,MIT,https://github.com/rollup/rollup,Lukas Taegert-Atkinson,
@sindresorhus/is,4.6.0,MIT,https://github.com/sindresorhus/is,Sindre Sorhus,
@standard-schema/spec,1.1.0,MIT,https://github.com/standard-schema/standard-schema,Colin McDonnell,
@szmarczak/http-timer,4.0.6,MIT,https://github.com/szmarczak/http-timer,Szymon Marczak,
@testing-library/dom,10.4.1,MIT,https://github.com/testing-library/dom-testing-library,Kent C. Dodds,
@testing-library/jest-dom,6.9.1,MIT,https://github.com/testing-library/jest-dom,Ernesto Garcia,
@testing-library/react,16.3.2,MIT,https://github.com/testing-library/react-testing-library,Kent C. Dodds,
@testing-library/user-event,14.6.1,MIT,https://github.com/testing-library/user-event,Giorgio Polvara,
@tootallnate/once,2.0.1,MIT,https://github.com/TooTallNate/once,Nathan Rajlich,
@types/aria-query,5.0.4,MIT,https://github.com/DefinitelyTyped/DefinitelyTyped,,
@types/babel__core,7.20.5,MIT,https://github.com/DefinitelyTyped/DefinitelyTyped,,
@types/babel__generator,7.27.0,MIT,https://github.com/DefinitelyTyped/DefinitelyTyped,,
@types/babel__template,7.4.4,MIT,https://github.com/DefinitelyTyped/DefinitelyTyped,,
@types/babel__traverse,7.28.0,MIT,https://github.com/DefinitelyTyped/DefinitelyTyped,,
@types/better-sqlite3,7.6.13,MIT,https://github.com/DefinitelyTyped/DefinitelyTyped,,
@types/cacheable-request,6.0.3,MIT,https://github.com/DefinitelyTyped/DefinitelyTyped,,
@types/chai,5.2.3,MIT,https://github.com/DefinitelyTyped/DefinitelyTyped,,
@types/debug,4.1.13,MIT,https://github.com/DefinitelyTyped/DefinitelyTyped,,
@types/deep-eql,4.0.2,MIT,https://github.com/DefinitelyTyped/DefinitelyTyped,,
@types/estree,1.0.8,MIT,https://github.com/DefinitelyTyped/DefinitelyTyped,,
@types/fs-extra,9.0.13,MIT,https://github.com/DefinitelyTyped/DefinitelyTyped,,
@types/http-cache-semantics,4.2.0,MIT,https://github.com/DefinitelyTyped/DefinitelyTyped,,
@types/keyv,3.1.4,MIT,https://github.com/DefinitelyTyped/DefinitelyTyped,,
@types/ms,2.1.0,MIT,https://github.com/DefinitelyTyped/DefinitelyTyped,,
@types/node,20.19.37,MIT,https://github.com/DefinitelyTyped/DefinitelyTyped,,
@types/node,22.19.15,MIT,https://github.com/DefinitelyTyped/DefinitelyTyped,,
@types/prop-types,15.7.15,MIT,https://github.com/DefinitelyTyped/DefinitelyTyped,,
@types/qrcode,1.5.6,MIT,https://github.com/DefinitelyTyped/DefinitelyTyped,,
@types/react-dom,18.3.7,MIT,https://github.com/DefinitelyTyped/DefinitelyTyped,,
@types/react,18.3.28,MIT,https://github.com/DefinitelyTyped/DefinitelyTyped,,
@types/responselike,1.0.3,MIT,https://github.com/DefinitelyTyped/DefinitelyTyped,,
@types/ws,8.18.2,MIT,https://github.com/DefinitelyTyped/DefinitelyTyped,,
@types/yauzl,2.10.3,MIT,https://github.com/DefinitelyTyped/DefinitelyTyped,,
@vitejs/plugin-react,4.7.0,MIT,https://github.com/vitejs/vite-plugin-react,Evan You,
@vitest/expect,4.0.18,MIT,https://github.com/vitest-dev/vitest,,
@vitest/mocker,4.0.18,MIT,https://github.com/vitest-dev/vitest,,
@vitest/pretty-format,4.0.18,MIT,https://github.com/vitest-dev/vitest,,
@vitest/runner,4.0.18,MIT,https://github.com/vitest-dev/vitest,,
@vitest/snapshot,4.0.18,MIT,https://github.com/vitest-dev/vitest,,
@vitest/spy,4.0.18,MIT,https://github.com/vitest-dev/vitest,,
@vitest/ui,4.0.18,MIT,https://github.com/vitest-dev/vitest,,
@vitest/utils,4.0.18,MIT,https://github.com/vitest-dev/vitest,,
@xmldom/xmldom,0.8.15,MIT,https://github.com/xmldom/xmldom,,
abbrev,1.1.1,ISC,https://github.com/isaacs/abbrev-js,Isaac Z. Schlueter,
abbrev,4.0.0,ISC,https://github.com/npm/abbrev-js,GitHub Inc.,
agent-base,6.0.2,MIT,https://github.com/TooTallNate/node-agent-base,Nathan Rajlich,
agent-base,7.1.4,MIT,https://github.com/TooTallNate/proxy-agents,Nathan Rajlich,
agentkeepalive,4.6.0,MIT,https://github.com/node-modules/agentkeepalive,fengmk2,
aggregate-error,3.1.0,MIT,https://github.com/sindresorhus/aggregate-error,Sindre Sorhus,
ajv,8.20.0,MIT,https://github.com/ajv-validator/ajv,Evgeny Poberezkin,
ansi-regex,5.0.1,MIT,https://github.com/chalk/ansi-regex,Sindre Sorhus,
ansi-styles,4.3.0,MIT,https://github.com/chalk/ansi-styles,Sindre Sorhus,
ansi-styles,5.2.0,MIT,https://github.com/chalk/ansi-styles,Sindre Sorhus,
anynum,1.0.1,MIT,https://github.com/NaturalIntelligence/anynum,Amit Gupta,
app-builder-lib,26.15.3,MIT,https://github.com/electron-userland/electron-builder,Vladimir Krivosheev,
argparse,1.0.10,MIT,https://github.com/nodeca/argparse,,
argparse,2.0.1,Python-2.0,https://github.com/nodeca/argparse,,
argparse,3.0.2,PSF-2.0,https://github.com/nodeca/argparse,,
aria-query,5.3.0,Apache-2.0,https://github.com/A11yance/aria-query,Jesse Beach,
asn1js,3.0.10,BSD-3-Clause,https://github.com/PeculiarVentures/ASN1.js,Yury Strozhevsky,
assertion-error,2.0.1,MIT,https://github.com/chaijs/assertion-error,Jake Luer,
async-exit-hook,2.0.1,MIT,https://github.com/tapppi/async-exit-hook,Tapani Moilanen,
async,3.2.6,MIT,https://github.com/caolan/async,Caolan McMahon,
asynckit,0.4.0,MIT,https://github.com/alexindigo/asynckit,Alex Indigo,
at-least-node,1.0.0,ISC,https://github.com/RyanZim/at-least-node,Ryan Zimmerman,
aws4,1.13.2,MIT,https://github.com/mhart/aws4,Michael Hart,
balanced-match,1.0.2,MIT,https://github.com/juliangruber/balanced-match,Julian Gruber,
balanced-match,4.0.4,MIT,https://github.com/juliangruber/balanced-match,,
base64-js,1.5.1,MIT,https://github.com/beatgammit/base64-js,T. Jameson Little,
baseline-browser-mapping,2.11.26,Apache-2.0,https://github.com/web-platform-dx/baseline-browser-mapping,,
better-sqlite3,11.10.0,MIT,https://github.com/WiseLibs/better-sqlite3,Joshua Wise,
bidi-js,1.0.3,MIT,https://github.com/lojjic/bidi-js,Jason Johnston,
bindings,1.5.0,MIT,https://github.com/TooTallNate/node-bindings,Nathan Rajlich,
bl,4.1.0,MIT,https://github.com/rvagg/bl,,
bluebird,3.4.7,MIT,https://github.com/petkaantonov/bluebird,Petka Antonov,
bluebird,3.7.2,MIT,https://github.com/petkaantonov/bluebird,Petka Antonov,
bonjour-service,1.4.4,MIT,https://github.com/onlxltd/bonjour-service,ON LX Lited,
boolean,3.2.0,MIT,https://github.com/thenativeweb/boolean,,
brace-expansion,1.1.21,MIT,https://github.com/juliangruber/brace-expansion,Julian Gruber,
brace-expansion,2.0.2,MIT,https://github.com/juliangruber/brace-expansion,Julian Gruber,
brace-expansion,5.0.12,MIT,https://github.com/juliangruber/brace-expansion,,
browserslist,4.29.1,MIT,https://github.com/browserslist/browserslist,Andrey Sitnik,
buffer-crc32,0.2.13,MIT,https://github.com/brianloveswords/buffer-crc32,Brian J. Brennan,
buffer-from,1.1.2,MIT,https://github.com/LinusU/buffer-from,,
buffer,5.7.1,MIT,https://github.com/feross/buffer,Feross Aboukhadijeh,
builder-util-runtime,9.7.0,MIT,https://github.com/electron-userland/electron-builder,Vladimir Krivosheev,
builder-util,26.15.3,MIT,https://github.com/electron-userland/electron-builder,Vladimir Krivosheev,
bytestreamjs,2.0.1,BSD-3-Clause,https://github.com/PeculiarVentures/ByteStream.js,Yury Strozhevsky,
cac,6.7.14,MIT,https://github.com/egoist/cac,egoist,
cacache,16.1.3,ISC,https://github.com/npm/cacache,GitHub Inc.,
cacheable-lookup,5.0.4,MIT,https://github.com/szmarczak/cacheable-lookup,Szymon Marczak,
cacheable-request,7.0.4,MIT,https://github.com/lukechilds/cacheable-request,Luke Childs,
call-bind-apply-helpers,1.0.2,MIT,https://github.com/ljharb/call-bind-apply-helpers,Jordan Harband,
camelcase,5.3.1,MIT,https://github.com/sindresorhus/camelcase,Sindre Sorhus,
caniuse-lite,1.0.30001812,CC-BY-4.0,https://github.com/browserslist/caniuse-lite,Ben Briggs,
chai,6.2.2,MIT,https://github.com/chaijs/chai,Jake Luer,
chalk,4.1.2,MIT,https://github.com/chalk/chalk,,
chownr,1.1.4,ISC,https://github.com/isaacs/chownr,Isaac Z. Schlueter,
chownr,2.0.0,ISC,https://github.com/isaacs/chownr,Isaac Z. Schlueter,
chownr,3.0.0,BlueOak-1.0.0,https://github.com/isaacs/chownr,Isaac Z. Schlueter,
chromium-pickle-js,0.2.0,MIT,https://github.com/electron/node-chromium-pickle-js,,
ci-info,4.3.1,MIT,https://github.com/watson/ci-info,Thomas Watson Steen,
ci-info,4.4.0,MIT,https://github.com/watson/ci-info,Thomas Watson Steen,
clean-stack,2.2.0,MIT,https://github.com/sindresorhus/clean-stack,Sindre Sorhus,
cli-cursor,3.1.0,MIT,https://github.com/sindresorhus/cli-cursor,Sindre Sorhus,
cli-spinners,2.9.2,MIT,https://github.com/sindresorhus/cli-spinners,Sindre Sorhus,
cliui,6.0.0,ISC,https://github.com/yargs/cliui,Ben Coe,
cliui,8.0.1,ISC,https://github.com/yargs/cliui,Ben Coe,
clone-response,1.0.3,MIT,https://github.com/sindresorhus/clone-response,Luke Childs,
clone,1.0.4,MIT,https://github.com/pvorb/node-clone,Paul Vorbach,
color-convert,2.0.1,MIT,https://github.com/Qix-/color-convert,Heather Arthur,
color-name,1.1.4,MIT,https://github.com/colorjs/color-name,DY,
combined-stream,1.0.8,MIT,https://github.com/felixge/node-combined-stream,Felix Geisendörfer,
commander,5.1.0,MIT,https://github.com/tj/commander.js,TJ Holowaychuk,
commander,9.5.0,MIT,https://github.com/tj/commander.js,TJ Holowaychuk,
compare-version,0.1.2,MIT,https://github.com/kevva/compare-version,Kevin Mårtensson,
concat-map,0.0.1,MIT,https://github.com/substack/node-concat-map,James Halliday,
convert-source-map,2.0.0,MIT,https://github.com/thlorenz/convert-source-map,Thorsten Lorenz,
core-util-is,1.0.2,MIT,https://github.com/isaacs/core-util-is,Isaac Z. Schlueter,
cross-dirname,0.1.0,MIT,https://github.com/JumpLink/cross-dirname,,
cross-spawn,7.0.6,MIT,https://github.com/moxystudio/node-cross-spawn,André Cruz,
css-tree,3.2.1,MIT,https://github.com/csstree/csstree,Roman Dvornov,
css.escape,1.5.1,MIT,https://github.com/mathiasbynens/CSS.escape,Mathias Bynens,
cssstyle,6.2.0,MIT,https://github.com/jsdom/cssstyle,,
csstype,3.2.3,MIT,https://github.com/frenic/csstype,Fredrik Nicol,
data-urls,7.0.0,MIT,https://github.com/jsdom/data-urls,Domenic Denicola,
debug,4.4.3,MIT,https://github.com/debug-js/debug,Josh Junon,
decamelize,1.2.0,MIT,https://github.com/sindresorhus/decamelize,Sindre Sorhus,
decimal.js,10.6.0,MIT,https://github.com/MikeMcl/decimal.js,Michael Mclaughlin,
decompress-response,6.0.0,MIT,https://github.com/sindresorhus/decompress-response,Sindre Sorhus,
deep-extend,0.6.0,MIT,https://github.com/unclechu/node-deep-extend,Viacheslav Lotsmanov,
defaults,1.0.4,MIT,https://github.com/sindresorhus/node-defaults,Elijah Insua,
defer-to-connect,2.0.1,MIT,https://github.com/szmarczak/defer-to-connect,Szymon Marczak,
define-data-property,1.1.4,MIT,https://github.com/ljharb/define-data-property,Jordan Harband,
define-properties,1.2.1,MIT,https://github.com/ljharb/define-properties,Jordan Harband,
delayed-stream,1.0.0,MIT,https://github.com/felixge/node-delayed-stream,Felix Geisendörfer,
dequal,2.0.3,MIT,https://github.com/lukeed/dequal,Luke Edwards,
detect-libc,2.1.2,Apache-2.0,https://github.com/lovell/detect-libc,Lovell Fuller,
detect-node,2.1.0,MIT,https://github.com/iliakan/detect-node,Ilya Kantor,
dijkstrajs,1.0.3,MIT,https://github.com/tcort/dijkstrajs,,
dingbat-to-unicode,1.0.2,BSD-2-Clause,https://github.com/mwilliamson/dingbat-to-unicode,Michael Williamson,
dir-compare,4.2.0,MIT,https://github.com/gliviu/dir-compare,Liviu Grigorescu,
dmg-builder,26.15.3,MIT,https://github.com/electron-userland/electron-builder,Vladimir Krivosheev,
dns-packet,5.6.1,MIT,https://github.com/mafintosh/dns-packet,Mathias Buus,
dom-accessibility-api,0.5.16,MIT,https://github.com/eps1lon/dom-accessibility-api,,
dom-accessibility-api,0.6.3,MIT,https://github.com/eps1lon/dom-accessibility-api,,
dotenv-expand,11.0.7,BSD-2-Clause,https://github.com/motdotla/dotenv-expand,motdotla,
dotenv,16.6.1,BSD-2-Clause,https://github.com/motdotla/dotenv,,
duck,0.1.12,BSD*,https://github.com/mwilliamson/duck.js,Michael Williamson,
dunder-proto,1.0.1,MIT,https://github.com/es-shims/dunder-proto,Jordan Harband,
duplexer2,0.1.4,BSD-3-Clause,https://github.com/deoxxa/duplexer2,Conrad Pankoff,
ejs,3.1.10,Apache-2.0,https://github.com/mde/ejs,Matthew Eernisse,
electron-builder-squirrel-windows,26.15.3,MIT,https://github.com/electron-userland/electron-builder,Vladimir Krivosheev,
electron-builder,26.15.3,MIT,https://github.com/electron-userland/electron-builder,Vladimir Krivosheev,
electron-publish,26.15.3,MIT,https://github.com/electron-userland/electron-builder,Vladimir Krivosheev,
electron-to-chromium,1.5.439,ISC,https://github.com/Kilian/electron-to-chromium,Kilian Valkhof,
electron-vite,2.3.0,MIT,https://github.com/alex8088/electron-vite,Alex Wei,
electron-winstaller,5.4.0,MIT,https://github.com/electron/windows-installer,,
electron,33.4.11,MIT,https://github.com/electron/electron,Electron Community,
emoji-regex,8.0.0,MIT,https://github.com/mathiasbynens/emoji-regex,Mathias Bynens,
encoding,0.1.13,MIT,https://github.com/andris9/encoding,Andris Reinman,
end-of-stream,1.4.5,MIT,https://github.com/mafintosh/end-of-stream,Mathias Buus,
entities,6.0.1,BSD-2-Clause,https://github.com/fb55/entities,Felix Boehm,
entities,8.1.0,BSD-2-Clause,https://github.com/fb55/entities,Felix Boehm,
env-paths,2.2.1,MIT,https://github.com/sindresorhus/env-paths,Sindre Sorhus,
err-code,2.0.3,MIT,https://github.com/IndigoUnited/js-err-code,IndigoUnited,
es-define-property,1.0.1,MIT,https://github.com/ljharb/es-define-property,Jordan Harband,
es-errors,1.3.0,MIT,https://github.com/ljharb/es-errors,Jordan Harband,
es-module-lexer,1.7.0,MIT,https://github.com/guybedford/es-module-lexer,Guy Bedford,
es-object-atoms,1.1.2,MIT,https://github.com/ljharb/es-object-atoms,Jordan Harband,
es-set-tostringtag,2.1.0,MIT,https://github.com/es-shims/es-set-tostringtag,Jordan Harband,
es6-error,4.1.1,MIT,https://github.com/bjyoungblood/es6-error,Ben Youngblood,
esbuild,0.21.5,MIT,https://github.com/evanw/esbuild,,
esbuild,0.28.2,MIT,https://github.com/evanw/esbuild,,
escalade,3.2.0,MIT,https://github.com/lukeed/escalade,Luke Edwards,
escape-string-regexp,4.0.0,MIT,https://github.com/sindresorhus/escape-string-regexp,Sindre Sorhus,
estree-walker,3.0.3,MIT,https://github.com/Rich-Harris/estree-walker,Rich Harris,
expand-template,2.0.3,(MIT OR WTFPL),https://github.com/ralphtheninja/expand-template,LM,
expect-type,1.3.0,Apache-2.0,https://github.com/mmkal/expect-type,,
exponential-backoff,3.1.3,Apache-2.0,https://github.com/coveooss/exponential-backoff,Sami Sayegh,
extract-zip,2.0.1,BSD-2-Clause,https://github.com/maxogden/extract-zip,max ogden,
fast-deep-equal,3.1.3,MIT,https://github.com/epoberezkin/fast-deep-equal,Evgeny Poberezkin,
fast-uri,3.1.8,BSD-3-Clause,https://github.com/fastify/fast-uri,Vincent Le Goff,
fast-xml-builder,1.3.1,MIT,https://github.com/NaturalIntelligence/fast-xml-builder,Amit Gupta,
fast-xml-parser,5.11.1,MIT,https://github.com/NaturalIntelligence/fast-xml-parser,Amit Gupta,
fd-slicer,1.1.0,MIT,https://github.com/andrewrk/node-fd-slicer,Andrew Kelley,
fdir,6.5.0,MIT,https://github.com/thecodrr/fdir,thecodrr,
fflate,0.8.3,MIT,https://github.com/101arrowz/fflate,Arjun Barrett,
file-uri-to-path,1.0.0,MIT,https://github.com/TooTallNate/file-uri-to-path,Nathan Rajlich,
filelist,1.0.6,Apache-2.0,https://github.com/mde/filelist,Matthew Eernisse,
find-up,4.1.0,MIT,https://github.com/sindresorhus/find-up,Sindre Sorhus,
flatted,3.4.4,ISC,https://github.com/WebReflection/flatted,Andrea Giammarchi,
form-data,4.0.6,MIT,https://github.com/form-data/form-data,Felix Geisendörfer,
fs-constants,1.0.0,MIT,https://github.com/mafintosh/fs-constants,Mathias Buus,
fs-extra,10.1.0,MIT,https://github.com/jprichardson/node-fs-extra,JP Richardson,
fs-extra,11.3.1,MIT,https://github.com/jprichardson/node-fs-extra,JP Richardson,
fs-extra,11.4.1,MIT,https://github.com/jprichardson/node-fs-extra,JP Richardson,
fs-extra,7.0.1,MIT,https://github.com/jprichardson/node-fs-extra,JP Richardson,
fs-extra,8.1.0,MIT,https://github.com/jprichardson/node-fs-extra,JP Richardson,
fs-extra,9.1.0,MIT,https://github.com/jprichardson/node-fs-extra,JP Richardson,
fs-minipass,2.1.0,ISC,https://github.com/npm/fs-minipass,Isaac Z. Schlueter,
fs.realpath,1.0.0,ISC,https://github.com/isaacs/fs.realpath,Isaac Z. Schlueter,
fsevents,2.3.3,MIT,https://github.com/fsevents/fsevents,,
function-bind,1.1.2,MIT,https://github.com/Raynos/function-bind,Raynos,
gensync,1.0.0-beta.2,MIT,https://github.com/loganfsmyth/gensync,Logan Smyth,
get-caller-file,2.0.5,ISC,https://github.com/stefanpenner/get-caller-file,Stefan Penner,
get-intrinsic,1.3.0,MIT,https://github.com/ljharb/get-intrinsic,Jordan Harband,
get-proto,1.0.1,MIT,https://github.com/ljharb/get-proto,Jordan Harband,
get-stream,5.2.0,MIT,https://github.com/sindresorhus/get-stream,Sindre Sorhus,
github-from-package,0.0.0,MIT,https://github.com/substack/github-from-package,James Halliday,
glob,7.2.3,ISC,https://github.com/isaacs/node-glob,Isaac Z. Schlueter,
glob,8.1.0,ISC,https://github.com/isaacs/node-glob,Isaac Z. Schlueter,
global-agent,3.0.0,BSD-3-Clause,https://github.com/gajus/global-agent,Gajus Kuizinas,
globalthis,1.0.4,MIT,https://github.com/ljharb/System.global,Jordan Harband,
gopd,1.2.0,MIT,https://github.com/ljharb/gopd,Jordan Harband,
got,11.8.6,MIT,https://github.com/sindresorhus/got,,
graceful-fs,4.2.11,ISC,https://github.com/isaacs/node-graceful-fs,,
has-flag,4.0.0,MIT,https://github.com/sindresorhus/has-flag,Sindre Sorhus,
has-property-descriptors,1.0.2,MIT,https://github.com/inspect-js/has-property-descriptors,Jordan Harband,
has-symbols,1.1.0,MIT,https://github.com/inspect-js/has-symbols,Jordan Harband,
has-tostringtag,1.0.2,MIT,https://github.com/inspect-js/has-tostringtag,Jordan Harband,
hasown,2.0.4,MIT,https://github.com/inspect-js/hasOwn,Jordan Harband,
hosted-git-info,4.1.0,ISC,https://github.com/npm/hosted-git-info,Rebecca Turner,
html-encoding-sniffer,6.0.0,MIT,https://github.com/jsdom/html-encoding-sniffer,Domenic Denicola,
http-cache-semantics,4.2.0,BSD-2-Clause,https://github.com/kornelski/http-cache-semantics,Kornel Lesiński,
http-proxy-agent,5.0.0,MIT,https://github.com/TooTallNate/node-http-proxy-agent,Nathan Rajlich,
http-proxy-agent,7.0.2,MIT,https://github.com/TooTallNate/proxy-agents,Nathan Rajlich,
http2-wrapper,1.0.3,MIT,https://github.com/szmarczak/http2-wrapper,Szymon Marczak,
https-proxy-agent,5.0.1,MIT,https://github.com/TooTallNate/node-https-proxy-agent,Nathan Rajlich,
https-proxy-agent,7.0.6,MIT,https://github.com/TooTallNate/proxy-agents,Nathan Rajlich,
humanize-ms,1.2.1,MIT,https://github.com/node-modules/humanize-ms,dead-horse,
iconv-lite,0.6.3,MIT,https://github.com/ashtuchkin/iconv-lite,Alexander Shtuchkin,
ieee754,1.2.1,BSD-3-Clause,https://github.com/feross/ieee754,Feross Aboukhadijeh,
immediate,3.0.6,MIT,https://github.com/calvinmetcalf/immediate,,
imurmurhash,0.1.4,MIT,https://github.com/jensyt/imurmurhash-js,Jens Taylor,
indent-string,4.0.0,MIT,https://github.com/sindresorhus/indent-string,Sindre Sorhus,
infer-owner,1.0.4,ISC,https://github.com/npm/infer-owner,Isaac Z. Schlueter,
inflight,1.0.6,ISC,https://github.com/npm/inflight,Isaac Z. Schlueter,
inherits,2.0.4,ISC,https://github.com/isaacs/inherits,,
ini,1.3.8,ISC,https://github.com/isaacs/ini,Isaac Z. Schlueter,
ip-address,10.7.2,MIT,https://github.com/beaugunderson/ip-address,Beau Gunderson,
is-fullwidth-code-point,3.0.0,MIT,https://github.com/sindresorhus/is-fullwidth-code-point,Sindre Sorhus,
is-interactive,1.0.0,MIT,https://github.com/sindresorhus/is-interactive,Sindre Sorhus,
is-lambda,1.0.1,MIT,https://github.com/watson/is-lambda,Thomas Watson Steen,
is-potential-custom-element-name,1.0.1,MIT,https://github.com/mathiasbynens/is-potential-custom-element-name,Mathias Bynens,
is-unicode-supported,0.1.0,MIT,https://github.com/sindresorhus/is-unicode-supported,Sindre Sorhus,
is-unsafe,2.0.2,MIT,https://github.com/NaturalIntelligence/is-unsafe,Amit Gupta,
isarray,1.0.0,MIT,https://github.com/juliangruber/isarray,Julian Gruber,
isbinaryfile,4.0.10,MIT,https://github.com/gjtorikian/isBinaryFile,,
isbinaryfile,5.0.7,MIT,https://github.com/gjtorikian/isBinaryFile,,
isexe,2.0.0,ISC,https://github.com/isaacs/isexe,Isaac Z. Schlueter,
isexe,3.1.5,BlueOak-1.0.0,https://github.com/isaacs/isexe,Isaac Z. Schlueter,
isexe,4.0.0,BlueOak-1.0.0,https://github.com/isaacs/isexe,Isaac Z. Schlueter,
jake,10.9.4,Apache-2.0,https://github.com/jakejs/jake,Matthew Eernisse,
jiti,2.6.1,MIT,https://github.com/unjs/jiti,,
js-tokens,4.0.0,MIT,https://github.com/lydell/js-tokens,Simon Lydell,
js-yaml,4.3.2,MIT,https://github.com/nodeca/js-yaml,Vladimir Zapparov,
jsdom,28.1.0,MIT,https://github.com/jsdom/jsdom,,
jsesc,3.1.0,MIT,https://github.com/mathiasbynens/jsesc,Mathias Bynens,
json-buffer,3.0.1,MIT,https://github.com/dominictarr/json-buffer,Dominic Tarr,
json-schema-traverse,1.0.0,MIT,https://github.com/epoberezkin/json-schema-traverse,Evgeny Poberezkin,
json-stringify-safe,5.0.1,ISC,https://github.com/isaacs/json-stringify-safe,Isaac Z. Schlueter,
json5,2.2.3,MIT,https://github.com/json5/json5,Aseem Kishore,
jsonfile,4.0.0,MIT,https://github.com/jprichardson/node-jsonfile,JP Richardson,
jsonfile,6.2.0,MIT,https://github.com/jprichardson/node-jsonfile,JP Richardson,
jsonfile,6.2.1,MIT,https://github.com/jprichardson/node-jsonfile,JP Richardson,
jszip,3.10.2,(MIT OR GPL-3.0-or-later),https://github.com/Stuk/jszip,Stuart Knightley,
keyv,4.5.4,MIT,https://github.com/jaredwray/keyv,Jared Wray,
lazy-val,1.0.5,MIT,https://github.com/develar/lazy-val,Vladimir Krivosheev,
lie,3.3.0,MIT,https://github.com/calvinmetcalf/lie,,
linkify-it,6.1.0,MIT,https://github.com/markdown-it/linkify-it,,
locate-path,5.0.0,MIT,https://github.com/sindresorhus/locate-path,Sindre Sorhus,
lodash,4.18.1,MIT,https://github.com/lodash/lodash,John-David Dalton,
log-symbols,4.1.0,MIT,https://github.com/sindresorhus/log-symbols,Sindre Sorhus,
loose-envify,1.4.0,MIT,https://github.com/zertosh/loose-envify,Andres Suarez,
lop,0.4.2,BSD-2-Clause,https://github.com/mwilliamson/lop,Michael Williamson,
lowercase-keys,2.0.0,MIT,https://github.com/sindresorhus/lowercase-keys,Sindre Sorhus,
lru-cache,11.2.6,BlueOak-1.0.0,https://github.com/isaacs/node-lru-cache,Isaac Z. Schlueter,
lru-cache,5.1.1,ISC,https://github.com/isaacs/node-lru-cache,Isaac Z. Schlueter,
lru-cache,6.0.0,ISC,https://github.com/isaacs/node-lru-cache,Isaac Z. Schlueter,
lru-cache,7.18.3,ISC,https://github.com/isaacs/node-lru-cache,Isaac Z. Schlueter,
lucide-react,1.47.0,ISC,https://github.com/lucide-icons/lucide,Eric Fennis,
lz-string,1.5.0,MIT,https://github.com/pieroxy/lz-string,pieroxy,
magic-string,0.30.21,MIT,https://github.com/Rich-Harris/magic-string,Rich Harris,
make-fetch-happen,10.2.1,ISC,https://github.com/npm/make-fetch-happen,GitHub Inc.,
mammoth,1.12.3,BSD-2-Clause,https://github.com/mwilliamson/mammoth.js,Michael Williamson,
markdown-it,15.0.2,MIT,https://github.com/markdown-it/markdown-it,,
matcher,3.0.0,MIT,https://github.com/sindresorhus/matcher,Sindre Sorhus,
math-intrinsics,1.1.0,MIT,https://github.com/es-shims/math-intrinsics,Jordan Harband,
mdn-data,2.27.1,CC0-1.0,https://github.com/mdn/data,Mozilla Developer Network,
mdurl,2.1.0,MIT,https://github.com/markdown-it/mdurl,,
mime-db,1.52.0,MIT,https://github.com/jshttp/mime-db,,
mime-types,2.1.35,MIT,https://github.com/jshttp/mime-types,,
mime,2.6.0,MIT,https://github.com/broofa/mime,Robert Kieffer,
mimic-fn,2.1.0,MIT,https://github.com/sindresorhus/mimic-fn,Sindre Sorhus,
mimic-response,1.0.1,MIT,https://github.com/sindresorhus/mimic-response,Sindre Sorhus,
mimic-response,3.1.0,MIT,https://github.com/sindresorhus/mimic-response,Sindre Sorhus,
min-indent,1.0.1,MIT,https://github.com/thejameskyle/min-indent,James Kyle,
minimatch,10.2.6,BlueOak-1.0.0,https://github.com/isaacs/minimatch,Isaac Z. Schlueter,
minimatch,3.1.5,ISC,https://github.com/isaacs/minimatch,Isaac Z. Schlueter,
minimatch,5.1.9,ISC,https://github.com/isaacs/minimatch,Isaac Z. Schlueter,
minimatch,9.0.9,ISC,https://github.com/isaacs/minimatch,Isaac Z. Schlueter,
minimist,1.2.8,MIT,https://github.com/minimistjs/minimist,James Halliday,
minipass-collect,1.0.2,ISC,,Isaac Z. Schlueter,
minipass-fetch,2.1.2,MIT,https://github.com/npm/minipass-fetch,GitHub Inc.,
minipass-flush,1.0.5,ISC,https://github.com/isaacs/minipass-flush,Isaac Z. Schlueter,
minipass-pipeline,1.2.4,ISC,,Isaac Z. Schlueter,
minipass-sized,1.0.3,ISC,https://github.com/isaacs/minipass-sized,Isaac Z. Schlueter,
minipass,3.3.6,ISC,https://github.com/isaacs/minipass,Isaac Z. Schlueter,
minipass,5.0.0,ISC,https://github.com/isaacs/minipass,Isaac Z. Schlueter,
minipass,7.1.3,BlueOak-1.0.0,https://github.com/isaacs/minipass,Isaac Z. Schlueter,
minizlib,2.1.2,MIT,https://github.com/isaacs/minizlib,Isaac Z. Schlueter,
minizlib,3.1.0,MIT,https://github.com/isaacs/minizlib,Isaac Z. Schlueter,
mkdirp-classic,0.5.3,MIT,https://github.com/mafintosh/mkdirp-classic,Mathias Buus,
mkdirp,0.5.6,MIT,https://github.com/substack/node-mkdirp,James Halliday,
mkdirp,1.0.4,MIT,https://github.com/isaacs/node-mkdirp,,
mrmime,2.0.1,MIT,https://github.com/lukeed/mrmime,Luke Edwards,
ms,2.1.3,MIT,https://github.com/vercel/ms,,
multicast-dns,7.2.5,MIT,https://github.com/mafintosh/multicast-dns,Mathias Buus,
nanoid,3.3.19,MIT,https://github.com/ai/nanoid,Andrey Sitnik,
napi-build-utils,2.0.0,MIT,https://github.com/inspiredware/napi-build-utils,Jim Schlight,
negotiator,0.6.4,MIT,https://github.com/jshttp/negotiator,,
node-abi,3.87.0,MIT,https://github.com/electron/node-abi,Lukas Geiger,
node-abi,4.35.0,MIT,https://github.com/electron/node-abi,Lukas Geiger,
node-api-version,0.2.1,MIT,https://github.com/timfish/node-api-version,Tim Fish,
node-gyp,12.4.0,MIT,https://github.com/nodejs/node-gyp,Nathan Rajlich,
node-int64,0.4.0,MIT,https://github.com/broofa/node-int64,Robert Kieffer,
node-releases,2.0.57,MIT,https://github.com/chicoxyzzy/node-releases,Sergey Rubanov,
nopt,6.0.0,ISC,https://github.com/npm/nopt,GitHub Inc.,
nopt,9.0.0,ISC,https://github.com/npm/nopt,GitHub Inc.,
normalize-url,6.1.0,MIT,https://github.com/sindresorhus/normalize-url,Sindre Sorhus,
object-keys,1.1.1,MIT,https://github.com/ljharb/object-keys,Jordan Harband,
obug,2.1.1,MIT,https://github.com/sxzz/obug,Kevin Deng,
once,1.4.0,ISC,https://github.com/isaacs/once,Isaac Z. Schlueter,
onetime,5.1.2,MIT,https://github.com/sindresorhus/onetime,Sindre Sorhus,
option,0.2.4,BSD-2-Clause,https://github.com/mwilliamson/node-options,Michael Williamson,
ora,5.4.1,MIT,https://github.com/sindresorhus/ora,Sindre Sorhus,
p-cancelable,2.1.1,MIT,https://github.com/sindresorhus/p-cancelable,Sindre Sorhus,
p-limit,2.3.0,MIT,https://github.com/sindresorhus/p-limit,Sindre Sorhus,
p-limit,3.1.0,MIT,https://github.com/sindresorhus/p-limit,Sindre Sorhus,
p-locate,4.1.0,MIT,https://github.com/sindresorhus/p-locate,Sindre Sorhus,
p-map,4.0.0,MIT,https://github.com/sindresorhus/p-map,Sindre Sorhus,
p-try,2.2.0,MIT,https://github.com/sindresorhus/p-try,Sindre Sorhus,
pako,1.0.11,(MIT AND Zlib),https://github.com/nodeca/pako,,
parse5,8.0.0,MIT,https://github.com/inikulin/parse5,Ivan Nikulin,
path-exists,4.0.0,MIT,https://github.com/sindresorhus/path-exists,Sindre Sorhus,
path-expression-matcher,1.6.2,MIT,https://github.com/NaturalIntelligence/path-expression-matcher,Amit Gupta,
path-is-absolute,1.0.1,MIT,https://github.com/sindresorhus/path-is-absolute,Sindre Sorhus,
path-key,3.1.1,MIT,https://github.com/sindresorhus/path-key,Sindre Sorhus,
pathe,2.0.3,MIT,https://github.com/unjs/pathe,,
pdfjs-dist,6.3.289,Apache-2.0,https://github.com/mozilla/pdf.js,,
pe-library,0.4.1,MIT,https://github.com/jet2jet/pe-library-js,jet,
pend,1.2.0,MIT,https://github.com/andrewrk/node-pend,Andrew Kelley,
picocolors,1.1.1,ISC,https://github.com/alexeyraspopov/picocolors,Alexey Raspopov,
picomatch,4.0.7,MIT,https://github.com/micromatch/picomatch,Jon Schlinkert,
pkijs,3.4.1,BSD-3-Clause,https://github.com/PeculiarVentures/PKI.js,Yury Strozhevsky,
plist,3.1.0,MIT,https://github.com/TooTallNate/node-plist,Nathan Rajlich,
pngjs,5.0.0,MIT,https://github.com/lukeapage/pngjs,,
postcss,8.5.28,MIT,https://github.com/postcss/postcss,Andrey Sitnik,
postject,1.0.0-alpha.6,MIT,https://github.com/nodejs/postject,,
prebuild-install,7.1.3,MIT,https://github.com/prebuild/prebuild-install,Mathias Buus,
pretty-format,27.5.1,MIT,https://github.com/facebook/jest,James Kyle,
proc-log,2.0.1,ISC,https://github.com/npm/proc-log,GitHub Inc.,
proc-log,6.1.0,ISC,https://github.com/npm/proc-log,GitHub Inc.,
process-nextick-args,2.0.1,MIT,https://github.com/calvinmetcalf/process-nextick-args,,
progress,2.0.3,MIT,https://github.com/visionmedia/node-progress,TJ Holowaychuk,
promise-inflight,1.0.1,ISC,https://github.com/iarna/promise-inflight,Rebecca Turner,
promise-retry,2.0.1,MIT,https://github.com/IndigoUnited/node-promise-retry,IndigoUnited,
proper-lockfile,4.1.2,MIT,https://github.com/moxystudio/node-proper-lockfile,André Cruz,
pump,3.0.4,MIT,https://github.com/mafintosh/pump,Mathias Buus Madsen,
punycode.js,2.3.1,MIT,https://github.com/mathiasbynens/punycode.js,Mathias Bynens,
punycode,2.3.1,MIT,https://github.com/mathiasbynens/punycode.js,Mathias Bynens,
pvtsutils,1.3.6,MIT,https://github.com/PeculiarVentures/pvtsutils,PeculiarVentures,
pvutils,1.2.0,MIT,https://github.com/PeculiarVentures/pvutils,Yury Strozhevsky,
qrcode,1.5.4,MIT,https://github.com/soldair/node-qrcode,Ryan Day,
quick-lru,5.1.1,MIT,https://github.com/sindresorhus/quick-lru,Sindre Sorhus,
rc,1.2.8,(BSD-2-Clause OR MIT OR Apache-2.0),https://github.com/dominictarr/rc,Dominic Tarr,
react-dom,18.3.1,MIT,https://github.com/facebook/react,,
react-is,17.0.2,MIT,https://github.com/facebook/react,,
react-refresh,0.17.0,MIT,https://github.com/facebook/react,,
react,18.3.1,MIT,https://github.com/facebook/react,,
read-binary-file-arch,1.0.6,MIT,https://github.com/samuelmaddock/read-binary-file-arch,Samuel Maddock,
readable-stream,2.3.8,MIT,https://github.com/nodejs/readable-stream,,
readable-stream,3.6.2,MIT,https://github.com/nodejs/readable-stream,,
redent,3.0.0,MIT,https://github.com/sindresorhus/redent,Sindre Sorhus,
require-directory,2.1.1,MIT,https://github.com/troygoode/node-require-directory,Troy Goode,
require-from-string,2.0.2,MIT,https://github.com/floatdrop/require-from-string,Vsevolod Strukchinsky,
require-main-filename,2.0.0,ISC,https://github.com/yargs/require-main-filename,Ben Coe,
resedit,1.7.2,MIT,https://github.com/jet2jet/resedit-js,jet,
resolve-alpn,1.2.1,MIT,https://github.com/szmarczak/resolve-alpn,Szymon Marczak,
responselike,2.0.1,MIT,https://github.com/sindresorhus/responselike,lukechilds,
restore-cursor,3.1.0,MIT,https://github.com/sindresorhus/restore-cursor,Sindre Sorhus,
retry,0.12.0,MIT,https://github.com/tim-kos/node-retry,Tim Koschützki,
rimraf,2.6.3,ISC,https://github.com/isaacs/rimraf,Isaac Z. Schlueter,
rimraf,3.0.2,ISC,https://github.com/isaacs/rimraf,Isaac Z. Schlueter,
roarr,2.15.4,BSD-3-Clause,https://github.com/gajus/roarr,Gajus Kuizinas,
rollup,4.59.0,MIT,https://github.com/rollup/rollup,Rich Harris,
safe-buffer,5.1.2,MIT,https://github.com/feross/safe-buffer,Feross Aboukhadijeh,
safe-buffer,5.2.1,MIT,https://github.com/feross/safe-buffer,Feross Aboukhadijeh,
safer-buffer,2.1.2,MIT,https://github.com/ChALkeR/safer-buffer,Nikita Skovoroda,
sanitize-filename,1.6.4,WTFPL OR ISC,https://github.com/parshap/node-sanitize-filename,Parsha Pourkhomami,
sax,1.6.1,BlueOak-1.0.0,https://github.com/isaacs/sax-js,Isaac Z. Schlueter,
saxes,6.0.0,ISC,https://github.com/lddubeau/saxes,Louis-Dominique Dubeau,
scheduler,0.23.2,MIT,https://github.com/facebook/react,,
semver-compare,1.0.0,MIT,https://github.com/substack/semver-compare,James Halliday,
semver,5.7.2,ISC,https://github.com/npm/node-semver,GitHub Inc.,
semver,6.3.1,ISC,https://github.com/npm/node-semver,GitHub Inc.,
semver,7.7.4,ISC,https://github.com/npm/node-semver,GitHub Inc.,
semver,7.8.5,ISC,https://github.com/npm/node-semver,GitHub Inc.,
serialize-error,7.0.1,MIT,https://github.com/sindresorhus/serialize-error,Sindre Sorhus,
set-blocking,2.0.0,ISC,https://github.com/yargs/set-blocking,Ben Coe,
setimmediate,1.0.5,MIT,https://github.com/YuzuJS/setImmediate,YuzuJS,
shebang-command,2.0.0,MIT,https://github.com/kevva/shebang-command,Kevin Mårtensson,
shebang-regex,3.0.0,MIT,https://github.com/sindresorhus/shebang-regex,Sindre Sorhus,
siginfo,2.0.0,ISC,https://github.com/emilbayes/siginfo,Emil Bay,
signal-exit,3.0.7,ISC,https://github.com/tapjs/signal-exit,Ben Coe,
simple-concat,1.0.1,MIT,https://github.com/feross/simple-concat,Feross Aboukhadijeh,
simple-get,4.0.1,MIT,https://github.com/feross/simple-get,Feross Aboukhadijeh,
simple-update-notifier,2.0.0,MIT,https://github.com/alexbrazier/simple-update-notifier,alexbrazier,
sirv,3.0.2,MIT,https://github.com/lukeed/sirv,Luke Edwards,
smart-buffer,4.2.0,MIT,https://github.com/JoshGlazebrook/smart-buffer,Josh Glazebrook,
socks-proxy-agent,7.0.0,MIT,https://github.com/TooTallNate/node-socks-proxy-agent,Nathan Rajlich,
socks,2.8.7,MIT,https://github.com/JoshGlazebrook/socks,Josh Glazebrook,
source-map-js,1.2.1,BSD-3-Clause,https://github.com/7rulnik/source-map-js,Valentin 7rulnik Semirulnik,
source-map-support,0.5.21,MIT,https://github.com/evanw/node-source-map-support,,
source-map,0.6.1,BSD-3-Clause,https://github.com/mozilla/source-map,Nick Fitzgerald,
sprintf-js,1.0.3,BSD-3-Clause,https://github.com/alexei/sprintf.js,Alexandru Marasteanu,
sprintf-js,1.1.3,BSD-3-Clause,https://github.com/alexei/sprintf.js,Alexandru Mărășteanu,
ssri,9.0.1,ISC,https://github.com/npm/ssri,GitHub Inc.,
stackback,0.0.2,MIT,https://github.com/shtylman/node-stackback,Roman Shtylman,
stat-mode,1.0.0,MIT,https://github.com/TooTallNate/stat-mode,Nathan Rajlich,
std-env,3.10.0,MIT,https://github.com/unjs/std-env,,
string-width,4.2.3,MIT,https://github.com/sindresorhus/string-width,Sindre Sorhus,
string_decoder,1.1.1,MIT,https://github.com/nodejs/string_decoder,,
string_decoder,1.3.0,MIT,https://github.com/nodejs/string_decoder,,
strip-ansi,6.0.1,MIT,https://github.com/chalk/strip-ansi,Sindre Sorhus,
strip-indent,3.0.0,MIT,https://github.com/sindresorhus/strip-indent,Sindre Sorhus,
strip-json-comments,2.0.1,MIT,https://github.com/sindresorhus/strip-json-comments,Sindre Sorhus,
strnum,2.4.2,MIT,https://github.com/NaturalIntelligence/strnum,Amit Gupta,
sumchecker,3.0.1,Apache-2.0,https://github.com/malept/sumchecker,Mark Lee,
supports-color,7.2.0,MIT,https://github.com/chalk/supports-color,Sindre Sorhus,
symbol-tree,3.2.4,MIT,https://github.com/jsdom/js-symbol-tree,Joris van der Wel,
tar-fs,2.1.4,MIT,https://github.com/mafintosh/tar-fs,Mathias Buus,
tar-stream,2.2.0,MIT,https://github.com/mafintosh/tar-stream,Mathias Buus,
tar,6.2.1,ISC,https://github.com/isaacs/node-tar,GitHub Inc.,
tar,7.5.22,BlueOak-1.0.0,https://github.com/isaacs/node-tar,Isaac Z. Schlueter,
temp-file,3.4.0,MIT,https://github.com/develar/temp-file,Vladimir Krivosheev,
temp,0.9.4,MIT,https://github.com/bruce/node-temp,Bruce Williams,
thunky,1.1.0,MIT,https://github.com/mafintosh/thunky,Mathias Buus Madsen,
tiny-async-pool,1.3.0,MIT,https://github.com/rxaviers/async-pool,Rafael Xavier de Souza,
tinybench,2.9.0,MIT,https://github.com/tinylibs/tinybench,,
tinyexec,1.0.2,MIT,https://github.com/tinylibs/tinyexec,James Garbutt,
tinyglobby,0.2.15,MIT,https://github.com/SuperchupuDev/tinyglobby,Superchupu,
tinyrainbow,3.0.3,MIT,https://github.com/tinylibs/tinyrainbow,,
tldts-core,7.0.25,MIT,https://github.com/remusao/tldts,Rémi Berson,
tldts,7.0.25,MIT,https://github.com/remusao/tldts,Rémi Berson,
tmp-promise,3.0.3,MIT,https://github.com/benjamingr/tmp-promise,Benjamin Gruenbaum and Collaborators.,
tmp,0.2.7,MIT,https://github.com/raszi/node-tmp,KARASZI István,
totalist,3.0.1,MIT,https://github.com/lukeed/totalist,Luke Edwards,
tough-cookie,6.0.0,BSD-3-Clause,https://github.com/salesforce/tough-cookie,Jeremy Stashewsky,
tr46,6.0.0,MIT,https://github.com/jsdom/tr46,Sebastian Mayr,
truncate-utf8-bytes,1.0.2,WTFPL,https://github.com/parshap/truncate-utf8-bytes,Carl Xiong,
tslib,2.8.1,0BSD,https://github.com/Microsoft/tslib,Microsoft Corp.,
tunnel-agent,0.6.0,Apache-2.0,https://github.com/mikeal/tunnel-agent,Mikeal Rogers,
type-fest,0.13.1,(MIT OR CC0-1.0),https://github.com/sindresorhus/type-fest,Sindre Sorhus,
typescript,5.9.3,Apache-2.0,https://github.com/microsoft/TypeScript,Microsoft Corp.,
uc.micro,3.0.0,MIT,https://github.com/markdown-it/uc.micro,,
underscore,1.13.8,MIT,https://github.com/jashkenas/underscore,Jeremy Ashkenas,
undici-types,6.21.0,MIT,https://github.com/nodejs/undici,,
undici,6.29.0,MIT,https://github.com/nodejs/undici,,
undici,7.30.0,MIT,https://github.com/nodejs/undici,,
unique-filename,2.0.1,ISC,https://github.com/npm/unique-filename,GitHub Inc.,
unique-slug,3.0.0,ISC,https://github.com/npm/unique-slug,GitHub Inc.,
universalify,0.1.2,MIT,https://github.com/RyanZim/universalify,Ryan Zimmerman,
universalify,2.0.1,MIT,https://github.com/RyanZim/universalify,Ryan Zimmerman,
unzipper,0.12.5,MIT,https://github.com/ZJONSSON/node-unzipper,Ziggy Jonsson,
update-browserslist-db,1.3.3,MIT,https://github.com/browserslist/update-db,Andrey Sitnik,
utf8-byte-length,1.0.5,(WTFPL OR MIT),https://github.com/parshap/utf8-byte-length,Carl Xiong,
util-deprecate,1.0.2,MIT,https://github.com/TooTallNate/util-deprecate,Nathan Rajlich,
vite,5.4.21,MIT,https://github.com/vitejs/vite,Evan You,
vite,7.3.6,MIT,https://github.com/vitejs/vite,Evan You,
vitest,4.0.18,MIT,https://github.com/vitest-dev/vitest,Anthony Fu,
w3c-xmlserializer,5.0.0,MIT,https://github.com/jsdom/w3c-xmlserializer,,
wcwidth,1.0.1,MIT,https://github.com/timoxley/wcwidth,Tim Oxley,
webcrypto-core,1.9.2,MIT,https://github.com/PeculiarVentures/webcrypto-core,PeculiarVentures,
webidl-conversions,8.0.1,BSD-2-Clause,https://github.com/jsdom/webidl-conversions,Domenic Denicola,
whatwg-mimetype,5.0.0,MIT,https://github.com/jsdom/whatwg-mimetype,Domenic Denicola,
whatwg-url,16.0.1,MIT,https://github.com/jsdom/whatwg-url,Sebastian Mayr,
which-module,2.0.1,ISC,https://github.com/nexdrew/which-module,nexdrew,
which,2.0.2,ISC,https://github.com/isaacs/node-which,Isaac Z. Schlueter,
which,5.0.0,ISC,https://github.com/npm/node-which,GitHub Inc.,
which,6.0.1,ISC,https://github.com/npm/node-which,GitHub Inc.,
why-is-node-running,2.3.0,MIT,https://github.com/mafintosh/why-is-node-running,Mathias Buus,
wrap-ansi,6.2.0,MIT,https://github.com/chalk/wrap-ansi,Sindre Sorhus,
wrap-ansi,7.0.0,MIT,https://github.com/chalk/wrap-ansi,Sindre Sorhus,
wrappy,1.0.2,ISC,https://github.com/npm/wrappy,Isaac Z. Schlueter,
ws,8.22.0,MIT,https://github.com/websockets/ws,Einar Otto Stangvik,
xml-name-validator,5.0.0,Apache-2.0,https://github.com/jsdom/xml-name-validator,Domenic Denicola,
xml-naming,0.3.0,MIT,https://github.com/NaturalIntelligence/xml-naming,Amit Gupta,
xmlbuilder,10.1.1,MIT,https://github.com/oozcitak/xmlbuilder-js,Ozgur Ozcitak,
xmlbuilder,15.1.1,MIT,https://github.com/oozcitak/xmlbuilder-js,Ozgur Ozcitak,
xmlchars,2.2.0,MIT,https://github.com/lddubeau/xmlchars,Louis-Dominique Dubeau,
y18n,4.0.3,ISC,https://github.com/yargs/y18n,Ben Coe,
y18n,5.0.8,ISC,https://github.com/yargs/y18n,Ben Coe,
yallist,3.1.1,ISC,https://github.com/isaacs/yallist,Isaac Z. Schlueter,
yallist,4.0.0,ISC,https://github.com/isaacs/yallist,Isaac Z. Schlueter,
yallist,5.0.0,BlueOak-1.0.0,https://github.com/isaacs/yallist,Isaac Z. Schlueter,
yargs-parser,18.1.3,ISC,https://github.com/yargs/yargs-parser,Ben Coe,
yargs-parser,21.1.1,ISC,https://github.com/yargs/yargs-parser,Ben Coe,
yargs,15.4.1,MIT,https://github.com/yargs/yargs,,
yargs,17.7.2,MIT,https://github.com/yargs/yargs,,
yauzl,2.10.0,MIT,https://github.com/thejoshwolfe/yauzl,Josh Wolfe,
yocto-queue,0.1.0,MIT,https://github.com/sindresorhus/yocto-queue,Sindre Sorhus,
